Puesto;2024T4;2024T3;2024T2;2024T1;2023T4;2023T3;2023T2;2023T1;2022T4;2022T3;2022T2;2022T1;2021T4;2021T3;2021T2;2021T1;2020T4;2020T3;2020T2;2020T1;2019T4;2019T3;2019T2;2019T1;2018T4;2018T3;2018T2;2018T1;2017T4;2017T3;2017T2;2017T1;2016T4;2016T3;2016T2;2016T1;2015T4;2015T3;2015T2;2015T1;2014T4;2014T3;2014T2;2014T1;2013T4;2013T3;2013T2;2013T1;2012T4;2012T3;2012T2;2012T1;2011T4;2011T3;2011T2;2011T1
        Total;12.939,50;13.014,00;12.895,10;12.801,70;12.777,00;12.873,90;12.730,70;12.557,50;12.574,70;12.660,90;12.522,70;12.417,20;12.410,90;12.520,80;12.354,10;12.185,20;12.198,20;12.211,60;11.800,50;12.225,40;12.314,70;12.325,00;12.284,30;12.169,60;12.227,20;12.272,00;12.202,20;12.124,80;12.159,80;12.231,20;12.158,30;12.139,10;12.166,90;12.242,10;12.220,70;12.225,30;12.250,90;12.355,30;12.349,90;12.322,40;12.382,00;12.399,30;12.373,20;12.282,10;12.415,60;12.545,60;12.527,60;12.596,60;12.647,70;12.782,40;12.787,60;12.740,60;12.838,00;12.900,20;12.853,60;12.841,70
        1 Directores y gerentes;593,1;565,8;575,6;560,8;572,2;581,9;572,1;581,8;580,7;601,7;604,3;578,9;589,8;578,5;556,1;523,5;517;518,9;503,3;498,9;521,6;530,8;538,1;538,2;556,3;558,6;550,2;535,8;530,7;553,7;554,9;545,5;531,6;524,4;519,4;535,7;541;536,5;545,7;540,9;549,7;552,4;557,4;557,4;558,1;566,6;579,2;581,6;593,7;618,2;631,1;627,9;658;640,8;664,5;660,2
        A Directores y gerentes;593,1;565,8;575,6;560,8;572,2;581,9;572,1;581,8;580,7;601,7;604,3;578,9;589,8;578,5;556,1;523,5;517;518,9;503,3;498,9;521,6;530,8;538,1;538,2;556,3;558,6;550,2;535,8;530,7;553,7;554,9;545,5;531,6;524,4;519,4;535,7;541;536,5;545,7;540,9;549,7;552,4;557,4;557,4;558,1;566,6;579,2;581,6;593,7;618,2;631,1;627,9;658;640,8;664,5;660,2
"        11 Miembros del poder ejecutivo y de los cuerpos legislativos; directivos de la Administración Pública y organizaciones de interés social; directores ejecutivos";42,4;35,3;42,8;36,9;38,1;31,5;27,3;33,3;33,2;32,7;34;31,4;28,2;34,3;33,5;26,8;26,4;29;30,5;33,2;32,3;28,7;32,5;32,7;40,5;33,5;31,1;36,3;40,4;37,8;32,4;36,4;35,9;32,6;27;28,5;29,9;27,8;25,7;28,3;28,5;29,9;28,4;29,5;29,8;31,1;33,2;29,1;31,4;33,5;38,9;42,6;56,3;59,9;61,1;68,8
        12 Directores de departamentos administrativos y comerciales;148,1;126,5;135;141,2;151,9;154,4;153,3;160,6;156,8;160,2;151,7;150;141,4;145,9;143,2;136,1;120;116,9;109,6;112,9;119,5;119,9;126,6;119,3;117,1;120,1;116,1;116,6;118,5;136,9;142,3;140,1;129,8;120,2;120,4;113,2;106,3;106,1;121,7;124,3;132;143,4;142,6;140,9;134,9;132;128,7;132,8;141,6;147,5;152,2;152,1;156,3;148,9;143,1;156,3
        13 Directores de producción y operaciones;193;185,5;188,9;181,1;173,4;175,6;179,7;184,2;183,5;190,6;200,2;185,3;189;172,8;170;171;166,3;164,6;165,1;154,9;162,9;176;171,7;181,8;186,8;188,5;188,1;182,4;178,6;175;173,3;165,4;164,5;167,4;169,3;180,7;191,6;196,1;203;194;195,4;190,6;197,1;193,7;199;198,5;211,2;213;213,9;225,5;232,3;222,3;232,3;221,1;226,6;220,1
        14 Directores y gerentes de empresas de alojamiento, restauración y comercio;124,7;125,3;124,5;117,5;125,7;127,7;120,7;116,1;117,5;131,2;130,6;131,7;140,7;145,2;132,6;118,9;135,1;134,3;122,6;116,5;123,8;128,4;131,8;132,6;140,2;139,8;137,1;127,5;126,1;133,4;134,4;134,5;128,8;133;130,8;135,8;137,1;138,6;127,2;127,1;128,1;126,7;130,1;133,5;131,8;132,1;127,7;125,3;123,1;135,3;138,9;146,5;144,1;157,1;176,1;160
        15 Directores y gerentes de otras empresas de servicios no clasificados bajo otros epígrafes;84,8;93,1;84,5;84,2;83,2;92,7;91,2;87,6;89,8;87;87,8;80,5;90,5;80,2;76,8;70,7;69,3;74,1;75,5;81,5;83,1;77,8;75,5;71,7;71,8;76,6;77,7;72,9;67,1;70,6;72,5;69,1;72,7;71,3;71,9;77,5;76,2;68;68,1;67,2;65,7;61,8;59,3;59,8;62,5;73;78,4;81,4;83,7;76,4;68,9;64,4;68,9;53,7;57,4;55
        2 Técnicos y profesionales científicos e intelectuales;1.940,20;1.903,40;1.927,50;1.903,50;1.872,60;1.791,00;1.810,50;1.728,20;1.687,50;1.725,20;1.699,40;1.676,20;1.695,50;1.635,30;1.684,50;1.665,50;1.666,40;1.660,80;1.655,80;1.680,00;1.649,00;1.649,90;1.667,00;1.648,70;1.626,90;1.600,20;1.564,90;1.544,10;1.512,70;1.538,80;1.533,60;1.502,50;1.495,50;1.510,20;1.491,30;1.463,00;1.440,00;1.416,70;1.424,80;1.388,00;1.431,00;1.412,00;1.418,50;1.425,50;1.417,70;1.429,20;1.414,20;1.422,70;1.438,50;1.414,20;1.425,60;1.413,30;1.438,20;1.397,00;1.415,20;1.447,20
        B Técnicos y profesionales científicos e intelectuales de la salud y la enseñanza;637,9;618,5;652,7;649,3;641,9;606,5;640,3;617,1;610,4;605,2;597,6;588,5;596;581,4;613,7;600;608,9;610,3;609,3;611;605;595,5;598,5;591;582,8;546,7;537,7;541,6;524,7;523;530,4;539,6;526,8;541;552;544,3;529,4;507,2;508,6;493,5;503,3;494,4;520,9;512;499;505,6;504,6;518,1;523,2;525,8;539,8;532,9;545,1;534,7;533,4;550,5
        21 Profesionales de la salud;248,6;245,7;251,9;247,3;249,9;232,9;242;214,5;213,5;211,8;203,3;208,3;222,5;225,1;233,9;233;241,4;251,6;248,9;238,7;242,2;231,1;220;214,8;209,4;206;190,8;206,1;202,5;214,2;210,7;210,5;215,1;215;214;204,6;207;199;198,9;188,5;194,6;198,6;205,3;200,5;192,6;201,5;193,4;198,3;200,4;207,6;206,1;201,7;209,1;201,1;196,6;190,5
        22 Profesionales de la enseñanza infantil, primaria, secundaria y postsecundaria;295,3;295;317,2;318,1;302,9;291,2;319,4;330,1;324,4;321,2;303,6;301,7;294,6;288,3;298,5;293,9;290,5;288,2;288;292,4;283,7;283,4;293,4;286,6;293,5;266;271,3;261,9;254,2;244,5;249,4;255,3;249,6;261,4;270,6;271,6;259,6;248,4;244,2;241,5;246,6;241,1;254,1;252,3;249,5;250;252,3;254,2;261,1;259,3;274,9;272,8;276;285,2;278,8;297,8
        23 Otros profesionales de la enseñanza;93,9;77,9;83,6;83,9;89,1;82,4;78,8;72,4;72,5;72,2;90,6;78,6;78,9;68;81,3;73,2;77;70,5;72,4;79,9;79,1;81;85,1;89,6;79,9;74,7;75,6;73,6;68;64,3;70,4;73,8;62,1;64,6;67,4;68,1;62,9;59,8;65,4;63,5;62,1;54,6;61,6;59,3;56,9;54,1;58,9;65,6;61,7;58,9;58,9;58,4;60;48,4;58;62,2
        C Otros técnicos y profesionales científicos e intelectuales;1.302,30;1.284,80;1.274,70;1.254,30;1.230,70;1.184,50;1.170,20;1.111,20;1.077,10;1.120,00;1.101,80;1.087,70;1.099,50;1.053,90;1.070,90;1.065,40;1.057,50;1.050,60;1.046,60;1.069,00;1.044,00;1.054,30;1.068,50;1.057,80;1.044,10;1.053,50;1.027,10;1.002,50;988;1.015,80;1.003,20;962,8;968,7;969,2;939,4;918,6;910,6;909,4;916,3;894,6;927,8;917,7;897,5;913,5;918,7;923,6;909,6;904,6;915,3;888,4;885,8;880,4;893,1;862,4;881,8;896,7
        24 Profesionales de la ciencias físicas, químicas, matemáticas y de las ingenierías;513,1;520,9;530,5;518,6;504,9;478;480,2;450,9;417;424,5;429,5;425,2;444,2;431,9;442,6;429,2;418,4;400,1;399,6;407,5;395,7;390,3;414,1;403,8;409,2;413,3;405;399,7;384,2;391,7;400;384,6;394,4;399,2;392,1;373,1;365,1;369,9;372,1;358,8;371,6;382,4;370,8;369,7;375,6;389,5;371,4;362;370,1;360;358,5;352;363,3;364,1;366,5;360,9
        25 Profesionales en derecho;104;112,3;99,7;101,4;102,1;103,8;106,6;103,9;102,5;109,9;114;117;125;116,9;116,1;121,2;119,2;111,4;111,4;114;114,5;111,6;124,2;124,6;117,5;125,9;120,5;113,6;102,5;101,1;104,8;100,5;100,4;99,7;97,9;98,6;105,5;105,8;107,2;108,6;105,9;104,4;97,7;99,7;96,9;102,2;103,4;103,4;105,9;102,5;100,1;85;88,8;82,7;88,8;91,2
        26 Especialistas en organización de la Administración Pública y de las empresas y en la comercialización;279,5;256,8;272,9;258,4;271;237,7;240,7;223,1;223,4;233,9;219,5;217,5;207,6;210,4;217,8;220,2;222,4;227;227,9;220,3;215,7;228,7;212,3;203,7;192,4;196,5;195,7;192,8;194,5;199,2;190,1;174,5;181,9;179,7;178,1;173,9;179,3;176,7;182;172,7;180,2;174,2;169,8;179,4;176,5;159,8;166;163,7;154,6;160,8;149,1;158,9;155,6;145,2;157,4;147
        27 Profesionales de las tecnologías de la información;227,4;224,7;200,5;204,5;195,4;198,6;185,2;176,7;184,8;186,4;176,8;179,1;164,9;150,7;145,2;154,8;150,8;158,2;168,4;166,7;159,9;160,4;151,6;152,1;151,2;148,6;145,2;139,6;149,9;157,6;146;136,9;133,5;128,2;118,3;120,3;111,6;114,2;111;103,4;110,6;112;115,2;120,9;120,9;123,2;118,3;117,1;120,3;112,8;127,6;122;120,1;106,8;116;125
        28 Profesionales en ciencias sociales;77,1;66,3;68,5;77,3;64,9;67,6;66,4;67,3;64,9;69,8;66,6;61,7;68,3;69,6;66,7;60,8;59,7;63,4;55,7;65,1;68,6;67;69,2;79,9;80,3;79,2;74;68,5;65;65,7;72,6;72,5;75,1;73,5;67,4;65;64,7;63,9;68,1;71,2;70,7;70,7;64,9;66,2;69,9;66,4;67,6;72,2;75,6;66,4;63,6;75,4;79,5;73,2;68,7;76,1
        29 Profesionales de la cultura y el espectáculo;101,2;103,8;102,6;94;92,4;98,9;91;89,2;84,4;95,7;95,2;87,1;89,4;74,3;82,4;79,2;86,9;90,5;83,6;95,3;89,5;96,4;97;93,7;93,5;90;86,8;88,4;92;100,6;89,6;93,9;83,3;88,8;85,6;87,7;84,4;78,9;75,8;79,9;88,8;74;79,2;77,6;79;82,6;82,8;86,1;88,8;85,8;86,9;87,2;85,9;90,3;84,4;96,4
"        3 Técnicos; profesionales de apoyo";1.659,40;1.628,50;1.612,50;1.591,70;1.572,00;1.574,20;1.565,30;1.525,80;1.540,00;1.557,70;1.529,70;1.514,20;1.461,90;1.452,70;1.425,30;1.451,10;1.423,60;1.416,00;1.393,10;1.421,50;1.407,70;1.379,70;1.355,10;1.352,90;1.374,00;1.344,90;1.317,10;1.314,30;1.332,80;1.322,80;1.312,20;1.309,10;1.285,60;1.253,90;1.265,00;1.269,00;1.248,80;1.269,00;1.266,20;1.246,80;1.246,00;1.223,40;1.226,10;1.184,90;1.204,70;1.183,20;1.206,50;1.230,90;1.222,80;1.258,10;1.287,10;1.263,10;1.278,50;1.313,30;1.309,60;1.324,50
"        D Técnicos; profesionales de apoyo";1.659,40;1.628,50;1.612,50;1.591,70;1.572,00;1.574,20;1.565,30;1.525,80;1.540,00;1.557,70;1.529,70;1.514,20;1.461,90;1.452,70;1.425,30;1.451,10;1.423,60;1.416,00;1.393,10;1.421,50;1.407,70;1.379,70;1.355,10;1.352,90;1.374,00;1.344,90;1.317,10;1.314,30;1.332,80;1.322,80;1.312,20;1.309,10;1.285,60;1.253,90;1.265,00;1.269,00;1.248,80;1.269,00;1.266,20;1.246,80;1.246,00;1.223,40;1.226,10;1.184,90;1.204,70;1.183,20;1.206,50;1.230,90;1.222,80;1.258,10;1.287,10;1.263,10;1.278,50;1.313,30;1.309,60;1.324,50
        31 Técnicos de las ciencias y de las ingenierías;285,1;288,3;288,4;269,4;259,4;268,1;257,6;263,1;270,5;275,3;266,3;255,4;242,3;246,8;250,8;262,3;248;261,8;265;272,3;267;257,3;244,6;245,8;240;244,1;242,9;243,4;262,6;253,2;247,9;238;240,1;232,1;219,2;215,8;215,4;219,2;214,1;213,5;217;214,4;212,9;214,8;225,6;228,9;236,3;239,6;254,4;257,6;261;248,9;256,1;260,8;256,7;257,6
        32 Supervisores en ingeniería de minas, de industrias manufactureras y de la construcción;119,8;123,3;111;106,8;114,5;105;95,6;106;110,7;111,4;99,3;106,1;99,7;109,2;120;122,6;116,5;117,9;116,7;111,8;98,7;92,3;91,5;91,7;93,6;96,5;95,9;99,6;97;91,4;93,2;98,6;95,8;86,9;85,2;81,3;80,8;80,1;86,2;79,4;77,8;83,1;82,2;81,1;90,5;80,7;91,5;93,4;92,6;111,2;116,7;119,6;115,9;127,1;136,1;139,1
        33 Técnicos sanitarios y profesionales de las terapias alternativas;63,3;65,3;56,8;56,8;55,7;55,8;59,3;56,5;58,3;53,7;55,8;60;54;49,9;50,3;49;47,1;43,7;42,4;41,5;42,3;47,1;48,5;52,1;60,1;52,8;51,1;45,9;46,5;43,8;38,1;39,1;38,5;38,8;40,3;41;43,9;40,5;40,4;40,9;40,2;38,5;35;33;37,8;36,4;38,4;39,1;48;52,3;55,1;52,3;53;57,9;39,5;37,5
        34 Profesionales de apoyo en finanzas y matemáticas;55;42,1;45,8;49,7;46,6;47,1;42;36,2;39,9;38,8;44,3;39,4;43,9;45,9;45,7;49,3;45,2;48,3;47,1;43,9;42,7;41,3;37,3;35,4;39,4;33,7;34,6;29,7;34,3;38,9;37,5;42,9;44,8;43,6;38,1;35,5;39,2;34;34,2;38;41,9;39,5;41,7;41,9;34;36,3;37,9;40,5;40;41,4;41,5;39,7;38,1;37,2;43,4;51,6
        35 Representantes, agentes comerciales y afines;437,1;422,7;421,3;443,3;452,3;447,3;458,8;441,7;447,5;450,1;466,5;464;452,2;441,5;418,5;434,9;426,3;422,6;421,7;433,9;437,7;436,2;420,4;417,2;410,5;408,1;403,3;406,3;414,5;422,7;425,7;428,8;419,8;407,9;437,5;436,4;421;433,3;457,4;457,3;442,9;426,7;433,1;410,4;407;411,5;398,7;405,2;387,4;397,6;400;394,1;408,9;411,1;420,4;416,8
"        36 Profesionales de apoyo a la gestión administrativa; técnicos de las fuerzas y cuerpos de seguridad";116,2;113,8;128,4;115,7;118,2;120,8;108,9;110,7;109,7;110;109,5;104,1;98,5;92;96,3;92,4;92,2;91,3;91,9;85,3;83,3;80,1;80,8;87,7;94;95;95,4;100,3;105,3;105,6;106;98,6;101,5;115,8;111,9;115;116,2;118,4;116,1;117,4;120,3;117,4;119,4;109;122,9;118,1;122,2;125,6;122;121,5;122,8;114;113;125;122,4;128,9
        37 Profesionales de apoyo de servicios jurídicos, sociales, culturales, deportivos y afines;208,9;191,8;199,4;187,5;183,2;191,2;194,3;178,5;165,7;169,3;168,2;171,4;163,5;166,1;160,4;170,5;181,1;161,2;154;189,5;189,4;169,9;169,6;172,2;182;165,4;158,5;155,1;154,9;144,7;151,2;149,6;134,2;134,6;135,3;143,2;136,1;142,8;143,4;130,1;134;131,4;128,2;126,6;115,4;111,3;112,9;113,2;112,3;111,6;119,2;116,8;116,2;116,9;111,5;115,4
        38 Técnicos de las tecnologías de la información y las comunicaciones (TIC);374,1;381,2;361,3;362,7;342,2;338,8;348,7;333,1;337,8;348,9;319,9;313,7;308;301,3;283,3;270,3;267,2;269,1;254,4;243,2;246,5;255,4;262,5;250,9;254,4;249,2;235,3;233,9;217,7;222,4;212,5;213,5;210,8;194,1;197,4;200,8;196;200,8;174,4;170,2;171,9;172,5;173,6;168,1;171,5;160;168,6;174,1;166;164,9;170,7;177,8;177,2;177,4;179,7;177,6
        4 Empleados contables, administrativos y otros empleados de oficina;736,3;760,5;735,4;738,6;734,3;757;726,5;718,4;723,6;727,1;696,2;718,2;694,1;700,9;665,7;704,8;695,7;723;702;721,4;727,2;725,6;724,8;698;700,3;720,4;698,1;697,4;701,5;701,2;664,9;638,2;641;647,4;649,1;675,8;688,1;669,9;651,1;650,1;635,2;648,9;651,8;637,7;642,4;639,9;656,5;668;678,7;694,3;683,8;708,8;704,1;730,3;701,3;697,8
        E Empleados de oficina que no atienden al público;469,8;474;460,8;454;452,1;467,4;460,5;446,8;448,1;447,1;424;450,9;455,7;433;407,5;440,7;439,1;449,2;433,5;435,6;446,6;440,1;430;426,6;429,9;447,7;430,7;433,5;435,7;433,2;407,6;391,4;399;388,1;392,6;415,6;421,8;416,3;397,7;398;406;409,5;401,9;410,3;416,9;412,8;426,5;434,6;437;442,9;429,7;450,7;455,5;470,8;440;428,8
        41 Empleados en servicios contables, financieros, y de servicios de apoyo a la producción y al transporte;289,1;290,5;275,7;285,7;290;285,5;285,3;272,7;279,6;268,7;241;254,5;241,8;237;229,6;242,4;260,1;263,7;256,1;250,6;254;237,3;246,9;239,9;242,1;244,8;244,6;238;244,6;240,3;223,2;213,8;222,1;217,3;215,2;220,8;226,5;228,9;226,7;225,6;241,8;252,4;248,5;245,4;251,8;249,3;259,4;247,7;249,5;248,8;239,9;256,3;259,4;257,7;244,7;250,5
        42 Empleados de bibliotecas, servicios de correos y afines;42;36;33,8;34;32,3;30,8;25,8;26,7;25,4;33,6;40,3;41,9;50,3;49,1;37,8;42,8;34,6;40,9;37,3;39,4;45,7;45,7;45,1;43,1;42,9;44,1;40,3;44,9;46,2;49,9;49,2;49,7;45,8;41,5;40,4;47,9;43,1;42,7;38,9;43,6;44,1;38,6;38,6;38,5;42,7;40,5;44,5;50;50,1;47,8;44,9;48,1;47,2;57;51,4;45
        43 Otros empleados administrativos sin tareas de atención al público;138,6;147,6;151,4;134,4;129,9;151,1;149,4;147,4;143,1;144,8;142,7;154,5;163,5;146,9;140,1;155,5;144,4;144,6;140;145,6;146,9;157,1;137,9;143,5;144,9;158,8;145,8;150,6;145;143;135,3;127,9;131,1;129,3;136,9;146,9;152,3;144,7;132,1;128,8;120,2;118,5;114,8;126,4;122,4;123;122,6;136,9;137,4;146,4;145;146,3;148,8;156,1;143,8;133,3
        F Empleados de oficina que atienden al público;266,5;286,5;274,6;284,6;282,2;289,6;266;271,6;275,6;280;272,2;267,2;238,4;267,9;258,2;264;256,6;273,8;268,5;285,8;280,7;285,5;294,8;271,4;270,4;272,7;267,4;263,9;265,7;268;257,3;246,8;242;259,2;256,6;260,2;266,2;253,6;253,4;252,1;229,1;239,5;249,9;227,4;225,5;227,1;229,9;233,4;241,7;251,4;254;258,1;248,6;259,5;261,3;269
"        44 Empleados de agencias de viajes, recepcionistas y telefonistas; empleados de ventanilla y afines (excepto taquilleros)";133,1;137,3;129,8;124,7;124,1;126,9;115;119,7;117,5;130,2;135,4;130;124,6;132,8;121,8;126,1;117,9;133,3;128,4;136,4;132,7;136,9;145,4;126,5;129,3;137,4;127,1;128;121,3;121,2;118,1;116,1;118,1;131,5;140,7;140,8;140,1;127,3;129,7;124,8;109,8;122,7;120;104,7;94,6;94,6;99,6;95;102,8;106,5;110;104,5;105,5;115;119,7;125,7
        45 Empleados administrativos con tareas de atención al público no clasificados bajo otros epígrafes;133,4;149,1;144,8;159,8;158,1;162,7;151;151,9;158,1;149,8;136,8;137,3;113,9;135,2;136,4;138;138,7;140,5;140,1;149,3;148;148,6;149,4;144,9;141,1;135,3;140,3;136;144,5;146,8;139,2;130,7;123,9;127,7;115,8;119,4;126,2;126,2;123,7;127,4;119,4;116,8;129,9;122,7;130,9;132,5;130,3;138,4;138,9;144,8;144,1;153,6;143,1;144,5;141,6;143,3
        5 Trabajadores de los servicios de restauración, personales, protección y vendedores;1.989,40;2.081,70;2.028,50;1.938,80;1.954,00;2.043,30;1.939,20;1.895,90;1.880,50;1.937,30;1.876,70;1.781,90;1.815,40;1.897,20;1.779,70;1.770,60;1.843,00;1.929,30;1.849,70;1.930,20;1.943,60;1.996,80;1.914,60;1.881,40;1.876,00;1.961,10;1.936,30;1.871,40;1.898,60;1.933,60;1.901,00;1.851,40;1.854,30;1.938,50;1.929,10;1.882,40;1.893,30;1.980,80;1.908,20;1.869,20;1.880,40;1.960,00;1.872,40;1.799,60;1.843,70;1.909,40;1.837,70;1.810,10;1.837,80;1.867,80;1.802,40;1.782,90;1.772,30;1.811,20;1.743,80;1.730,00
        G Trabajadores de los servicios de restauración y comercio;1.215,50;1.267,60;1.240,10;1.174,70;1.168,90;1.241,50;1.175,10;1.149,70;1.145,90;1.173,10;1.148,80;1.078,40;1.097,00;1.137,10;1.069,20;1.066,60;1.133,90;1.203,10;1.160,60;1.234,40;1.240,20;1.273,50;1.226,90;1.203,00;1.182,60;1.262,80;1.239,10;1.194,80;1.203,90;1.236,70;1.211,40;1.178,60;1.187,20;1.258,60;1.254,20;1.217,00;1.234,80;1.281,50;1.215,00;1.193,90;1.194,50;1.246,80;1.174,20;1.120,20;1.159,40;1.193,20;1.172,60;1.162,80;1.162,40;1.206,50;1.153,30;1.128,30;1.103,00;1.122,50;1.078,50;1.054,00
        50 Camareros y cocineros propietarios;130,4;125;130,4;126,6;126,2;126,4;142,7;131,6;134,3;127,1;148;125,2;133;135,2;133,7;131,2;130;143,8;141,3;143,8;144,1;142,6;141,6;138,7;142,2;148,9;149;143,5;152,1;148,8;149,5;143,3;143,9;137;148;144,6;159,8;158,1;166;173,7;172,6;175,4;165,2;155,1;151,1;147;144;136,9;127,7;137;146,8;140,7;125,5;120,3;114,3;115,2
        51 Trabajadores asalariados de los servicios de restauración;502,8;547,3;523,8;456,1;456,1;514,3;494,9;486,7;481,4;509,2;466,4;418,8;407,7;433,9;390,5;377,9;442,5;476,8;452,4;499,1;494,6;540,3;504,9;474,1;479,6;523,3;526,8;495,5;482,5;507,3;500,3;472,5;476,9;531,1;533,6;508,6;495;522,7;470,3;437,1;444,9;474,7;432,7;409,3;439,6;467,4;441;426,6;423,9;460;438;422,9;424;463,9;422;405,7
        52 Dependientes en tiendas y almacenes;301,2;314;295,9;301,2;291,5;294,8;263,3;267,3;270,9;263,2;276,2;263,3;268,7;277,2;281,2;291,2;289,2;306;290,8;296,7;298,7;296,3;279,9;283,7;272,3;299,4;282,9;271,2;265,3;269,7;256,9;260,7;264,4;280,1;269,4;275;281,9;292,5;265,2;279,4;272,6;277,4;273,1;261,1;272,2;268,5;266,5;282,7;290,2;284,6;269,4;267,3;261,6;262,8;267;271,5
        53 Comerciantes propietarios de tiendas;169,5;154,9;175,8;169,4;161,9;161,6;159,4;158,4;150,4;153,5;160;165,5;169,2;164,5;153,4;165,9;169,6;165,2;163,1;170,7;168,2;168,9;180,5;184,1;175,7;166,4;168,6;172,6;180,7;182,7;179,1;176,8;179,3;183,8;180,9;181,9;181,5;186,5;191,2;187,4;186;193,6;191,6;179,7;185,3;198,4;200,1;193,6;194,6;197,8;183,4;180;172,1;159,7;162,2;158,8
        54 Vendedores (excepto en tiendas y almacenes);72,8;81,4;75,7;81;91;93,1;75,3;74,2;69,2;85,5;73;74,3;88,2;86,4;75,4;66,2;66,5;71,2;72,7;86;83,1;86,7;93,9;87,3;81,6;89,8;85,6;81,2;89,6;89,7;87,8;89,4;89,7;93,1;92,3;79,6;86,3;90,6;94,9;91,2;93,1;93,2;82,8;88,6;78,5;79,1;88,9;91,1;89,3;91,1;87,6;92;90,7;83,6;84,1;75,9
        55 Cajeros y taquilleros (excepto bancos);38,8;45,1;38,5;40,4;42,2;51,2;39,4;31,5;39,7;34,6;25,1;31,3;30,3;40;35,1;34,2;36,2;40,2;40,2;38,1;51,6;38,6;26;35,1;31,3;35;26,2;30,8;33,7;38,5;37,8;35,9;33;33,5;30;27,3;30,4;31;27,4;25,1;25,5;32,5;28,7;26,4;32,8;32,8;32,1;31,9;36,8;35,8;28,1;25,5;29,1;32,2;28,8;26,8
        H Trabajadores de los servicios de salud y el cuidado de personas;335,7;354,2;363,8;352,2;358,6;346,9;329,6;328,8;304,4;305,4;319,1;298,5;314,6;324;299,2;299,8;299,6;295,7;285,1;300,1;296,8;290,4;282;266,3;277,8;280,5;281,9;280,6;281,9;275,9;277,4;266,1;257,8;260,5;257;258,1;253,9;265,7;259,1;250,3;256,9;270,5;276,5;259;267;272,2;251,4;237,4;258,9;250,3;252,3;246,1;256,6;257,4;237,6;236,6
        56 Trabajadores de los cuidados a las personas en servicios de salud;93,4;105,7;104,5;117,1;118,6;126,4;106,1;109,5;103,8;110,2;95,9;89,7;92,2;98,4;96;86,2;85,8;84,9;78,2;80;81,3;80,3;76,7;67,8;70,4;72,2;72,2;71,8;74,3;72,2;66,7;63,3;63,2;66,6;66;71,1;72;75;65,3;64,3;59,5;63,5;62,6;57,7;54,3;57,2;55;50,9;58,7;63,4;62,4;58,6;65;70,1;60,6;58,8
        57 Otros trabajadores de los cuidados a las personas;48,6;46,4;58;40,7;39,4;28,7;21;27,8;28,8;18,7;32,3;28,2;33,8;29,3;31,9;32,9;36,8;25,9;29,7;26,9;31,4;24,1;26,1;25,6;28,1;24,1;24,1;25;22,5;19,2;25,8;26,1;25,2;25;23,7;24;29,2;25,8;22,3;21,4;20,6;23,4;22,3;22,8;20,4;20,3;26,3;27,4;29,9;31,9;33;34,2;30,7;26,7;33,7;30,2
        58 Trabajadores de los servicios personales;193,7;202;201,2;194,4;200,6;191,8;202,5;191,4;171,7;176,5;190,9;180,6;188,5;196,4;171,3;180,7;177,1;184,8;177,2;193,2;184,1;186;179,2;172,9;179,2;184,1;185,5;183,8;185,2;184,5;184,9;176,7;169,5;168,8;167,2;163;152,8;164,9;171,5;164,7;176,8;183,6;191,6;178,5;192,3;194,8;170,1;159,1;170,3;155,1;156,9;153,3;160,9;160,6;143,2;147,6
        I Trabajadores de los servicios de protección y seguridad;438,2;459,9;424,6;411,9;426,6;455;434,6;417,4;430,3;458,9;408,8;405;403,8;436,1;411,3;404,2;409,4;430,5;404;395,7;406,6;432,9;405,7;412,1;415,6;417,8;415,4;396;412,8;421;412,2;406,7;409,3;419,4;418;407,3;404,5;433,6;434,1;425;428,9;442,7;421,7;420,3;417,2;443,9;413,6;409,9;416,5;411;396,8;408,5;412,8;431,3;427,8;439,5
        59 Trabajadores de los servicios de protección y seguridad;438,2;459,9;424,6;411,9;426,6;455;434,6;417,4;430,3;458,9;408,8;405;403,8;436,1;411,3;404,2;409,4;430,5;404;395,7;406,6;432,9;405,7;412,1;415,6;417,8;415,4;396;412,8;421;412,2;406,7;409,3;419,4;418;407,3;404,5;433,6;434,1;425;428,9;442,7;421,7;420,3;417,2;443,9;413,6;409,9;416,5;411;396,8;408,5;412,8;431,3;427,8;439,5
        6 Trabajadores cualificados en el sector agrícola, ganadero, forestal y pesquero;344,7;347,3;344,4;350,9;367,3;382,8;386,4;387,5;388,3;393,9;396,2;385,2;399,4;416,1;384,4;393,3;385,4;367,3;359,8;367,3;374,8;373,6;395,7;384,6;382,5;377,4;390,8;390,8;393,7;398;404,5;414,2;391,6;379,4;377,2;395,5;391;382,9;386,6;383,3;383,4;384,8;391,6;389,8;382;402,9;402,3;389,1;384,1;409,3;394,1;384;387,1;397,4;397,1;397,4
        J Trabajadores cualificados en el sector agrícola, ganadero, forestal y pesquero;344,7;347,3;344,4;350,9;367,3;382,8;386,4;387,5;388,3;393,9;396,2;385,2;399,4;416,1;384,4;393,3;385,4;367,3;359,8;367,3;374,8;373,6;395,7;384,6;382,5;377,4;390,8;390,8;393,7;398;404,5;414,2;391,6;379,4;377,2;395,5;391;382,9;386,6;383,3;383,4;384,8;391,6;389,8;382;402,9;402,3;389,1;384,1;409,3;394,1;384;387,1;397,4;397,1;397,4
        61 Trabajadores cualificados en actividades agrícolas;230,4;230,5;230;235,5;248,3;265,2;265,2;276;260,4;267,7;272,1;268,1;279,8;299,8;268,8;271;263,5;248,3;242,7;242,5;251,9;249;265;258,1;250;240,6;259,7;261,1;265,6;269,5;280,8;287,6;261,4;258,8;259,7;274,6;263,5;267,2;270,8;263,6;255,5;250,3;249,7;248,8;243,7;256,1;254,4;249,6;245,7;263,1;242,2;246,5;249,4;258,8;264,1;258,7
        62 Trabajadores cualificados en actividades ganaderas, (incluidas avícolas, apícolas y similares);70,6;69,2;67;69,1;67;67,1;66,9;64,8;71;71,8;73,2;69,6;71,3;68,2;66,4;67,5;67,3;66,1;64,1;67,4;68,6;71,8;78,3;78,1;80,8;84,2;82,6;81;77,1;75,6;69,7;73,7;80,3;74,2;72,6;75,3;76,2;66,9;65,4;68,3;77,6;84,8;88,4;86,7;84,5;90,2;85,4;82,3;78,6;84,4;89,2;80;83,8;80,2;80,6;79,6
        63 Trabajadores cualificados en actividades agropecuarias mixtas;19,1;19,5;19,5;19,3;20,7;17,7;17,1;15,6;16,9;14,4;13,6;15;17,1;17,5;20,1;23,4;21,2;18;20,1;21,5;22,1;19,5;16,9;17,1;19,3;20,2;19,8;18,9;21,3;20,7;20,4;23,4;22;18;18,1;19,3;17,3;19,2;23,1;23,3;19,8;18,1;20,1;17,4;19,1;19,8;21,4;22,5;20,4;21,7;24,1;23,6;21,8;22,6;25,3;26,5
        64 Trabajadores cualificados en actividades forestales, pesqueras y cinegéticas;24,6;28,1;27,8;27,1;31,3;32,8;37,1;31,1;39,9;40;37,3;32,5;31,1;30,5;29;31,3;33,4;35;33;35,9;32,1;33,3;35,5;31,3;32,4;32,5;28,7;29,8;29,8;32,2;33,6;29,5;28;28,4;26,9;26,2;34;29,6;27,4;28,1;30,6;31,6;33,3;36,9;34,7;36,8;41,1;34,8;39,5;40,2;38,5;33,9;32,1;35,7;27,1;32,6
        7 Artesanos y trabajadores cualificados de las industrias manufactureras y la construcción (excepto operadores de instalaciones y maquinaria);2.308,60;2.266,30;2.237,10;2.270,60;2.237,30;2.225,40;2.205,40;2.193,40;2.174,90;2.150,70;2.124,10;2.122,20;2.150,20;2.159,70;2.171,00;2.151,20;2.184,60;2.152,90;2.109,70;2.169,10;2.182,70;2.173,20;2.178,70;2.158,00;2.155,60;2.164,40;2.158,50;2.156,30;2.148,40;2.156,70;2.136,80;2.117,50;2.134,20;2.129,60;2.111,70;2.108,00;2.085,60;2.090,40;2.058,30;2.093,30;2.075,10;2.040,20;2.032,60;2.031,10;2.060,80;2.090,40;2.123,40;2.169,70;2.198,00;2.296,80;2.356,80;2.386,30;2.418,90;2.506,40;2.532,20;2.517,00
        K Trabajadores cualificados de la construcción, excepto operadores de máquinas;1.040,00;1.035,10;1.043,10;1.052,50;1.026,70;1.003,00;1.013,10;1.003,40;1.001,80;971,8;970,4;962,5;1.008,50;976,4;987,8;954,5;958,2;946,5;921,4;950,5;970,1;960,4;964,2;964,6;940,8;927,6;923,3;921;891,4;899,7;897,1;888,6;894,8;898,2;888,2;887,1;894,2;889,3;883,8;902,2;882,5;848,5;847,8;847;850,9;892,6;907,1;944,4;985,9;1.046,90;1.080,60;1.101,80;1.136,10;1.198,30;1.216,20;1.201,10
        71 Trabajadores en obras estructurales de construcción y afines;710;715,8;711,9;722,2;693,4;666,8;675,1;680,7;669,1;670,5;650,8;649,9;683;668,5;682,2;635,3;631,6;647,1;626,4;623,2;639,1;631,1;627;613,5;605,4;599,6;592,7;601,4;579,4;582,1;596,2;591,7;588,9;590,1;579,7;581,6;574,6;571,6;562,8;570,8;579,2;540,9;532,4;553,2;543,7;573,1;577,1;604,3;629,9;654,8;680,3;696,3;739,2;768,8;756,4;747,5
        72 Trabajadores de acabado de construcciones e instalaciones (excepto electricistas), pintores y afines;330,1;319,3;331,2;330,4;333,3;336,2;338;322,7;332,7;301,2;319,6;312,5;325,4;307,8;305,6;319,3;326,6;299,4;295;327,3;331;329,3;337,2;351,1;335,4;328;330,6;319,6;312;317,6;300,9;296,9;305,9;308;308,5;305,5;319,6;317,7;321;331,4;303,3;307,5;315,4;293,9;307,2;319,5;329,9;340,2;356,1;392,1;400,3;405,6;396,9;429,4;459,8;453,6
        L Trabajadores cualificados de las industrias manufactureras, excepto operadores de instalaciones y máquinas;1.268,60;1.231,20;1.194,10;1.218,10;1.210,60;1.222,40;1.192,30;1.190,00;1.173,20;1.178,90;1.153,70;1.159,80;1.141,80;1.183,30;1.183,20;1.196,70;1.226,40;1.206,40;1.188,30;1.218,60;1.212,60;1.212,80;1.214,50;1.193,40;1.214,80;1.236,70;1.235,20;1.235,20;1.257,00;1.257,00;1.239,70;1.228,90;1.239,40;1.231,40;1.223,50;1.220,90;1.191,40;1.201,10;1.174,50;1.191,10;1.192,60;1.191,70;1.184,80;1.184,10;1.209,90;1.197,80;1.216,30;1.225,30;1.212,10;1.249,90;1.276,20;1.284,50;1.282,80;1.308,20;1.316,00;1.315,90
        73 Soldadores, chapistas, montadores de estructuras metálicas, herreros, elaboradores de herramientas y afines;277,2;255;248,1;239,3;236,2;244,2;231;233,2;246,2;259,9;260,4;247,9;271;273,7;272;280,9;268;265,9;265,5;277,2;271,8;286,3;275,1;285,2;279,4;290,6;291;281,6;282,4;268,8;268,4;272;271,9;268,2;277,9;276,2;274,9;276,8;256,9;251;249,6;253,7;255,8;261,9;276;282,5;294,7;290,3;286;303,1;290,1;298,2;297;298,7;302,7;305,6
        74 Mecánicos y ajustadores de maquinaria;332,2;313,3;308,3;332,3;322,5;316;335,7;323;316,4;326,8;303,8;321,2;313,2;334,8;325,7;320,1;329,3;318,4;312,4;310,7;318,1;307,6;317,5;308,1;312;314,6;310,8;313,3;313,8;319,6;311,5;323,4;328,9;331,8;325,9;316,5;302,3;298,2;291,7;295,9;292,4;297,2;302,5;297,6;293,6;294,2;297;302,9;310,3;320,8;338;326;327,1;325,8;316,1;313,6
        75 Trabajadores especializados en electricidad y electrotecnología;389,8;400,1;370;377,1;387,1;389,7;373,1;366,2;357,9;337,9;333,1;339,4;317;331,5;340,2;337,6;359,5;337,7;340,7;342,1;341,3;336,1;340,1;336,2;344,2;350;335,7;339,8;345;349,9;339,7;331,4;337;329,3;315,4;331,9;332,2;334,2;334,1;337,7;348,8;345,1;339,8;335;343,4;346,8;346,6;352,7;331,3;340,9;355;356,5;360,4;377,4;395,3;404,4
        76 Mecánicos de precisión en metales, ceramistas, vidrieros, artesanos y trabajadores de artes gráficas;54;53,7;54,7;59;56,4;60,4;55,7;60,2;64,7;56,6;55,9;51,2;53,8;55,4;50,2;51,2;51,7;62;60,2;64,1;66,2;71,7;64,6;59,5;59,8;65,8;66,8;60,7;66,8;66,9;72,8;69,2;71,9;74,5;65,5;62,2;62,7;64,5;64;68,5;66,3;63,7;66,5;70,3;72,6;61,3;67,7;65,8;59,9;58,5;61,2;59,8;55,1;71,1;76,8;70,3
        77 Trabajadores de la industria de la alimentación, bebidas y tabaco;139,1;134,2;147,4;141,7;134,2;138,8;123,8;135,2;120,6;127,9;132,1;127,6;120,6;120,9;127,7;135,4;141;145,1;137,6;147,7;134,9;134,8;130;128,7;131;130,7;144,7;150,9;157,1;156,2;154,4;143,1;138,7;142,3;153,9;152,5;142,8;152,6;154,3;160,5;162,6;157,6;145,6;146,9;144,5;133,6;128,5;127,8;130,6;131;135;140,7;136,8;130,6;133,7;131,2
        78 Trabajadores de la madera, textil, confección, piel, cuero, calzado y otros operarios en oficios;76,3;74,9;65,6;68,7;74,1;73,3;73,1;72,2;67,3;69,8;68,3;72,4;66,1;67;67,4;71,5;76,9;77,3;71,8;76,7;80,3;76,3;87,3;75,7;88,6;85,1;86,1;88,9;91,9;95,5;92,8;89,8;91;85,3;84,8;81,6;76,5;75;73,4;77,5;73;74,4;74,6;72,4;79,7;79,3;81,8;85,9;93,9;95,5;96,9;103,3;106,5;104,5;91,4;90,8
        8 Operadores de instalaciones y maquinaria, y montadores;1.447,50;1.475,70;1.444,60;1.472,70;1.480,00;1.515,80;1.529,70;1.535,50;1.534,70;1.519,70;1.479,30;1.469,10;1.447,30;1.430,30;1.389,60;1.392,50;1.391,70;1.371,90;1.365,60;1.414,90;1.426,70;1.439,00;1.409,00;1.381,80;1.377,00;1.336,80;1.340,00;1.347,60;1.342,10;1.343,80;1.334,90;1.345,50;1.329,40;1.304,90;1.279,80;1.271,20;1.250,90;1.260,80;1.262,00;1.240,20;1.232,90;1.232,80;1.231,30;1.206,30;1.217,20;1.236,20;1.263,30;1.285,00;1.288,30;1.309,70;1.329,60;1.364,90;1.381,80;1.383,20;1.420,70;1.410,60
        M Operadores de instalaciones y maquinaria fijas, y montadores;399,3;408,1;413,3;422,6;438,6;447,3;455,3;480,1;476,7;465,3;449,5;436,8;441,4;442,9;427;428,7;423,8;415,9;414,2;433,5;432,9;449,4;427,8;411,3;418,1;414,8;421,4;427,1;430,3;423,9;421,5;419,8;396,6;391,5;375,2;376,3;369,1;389,8;393,1;372,8;365,2;365,5;350,1;334,8;334,7;342,7;358,5;364;370,7;396;399,7;413,4;414,6;428,8;428,3;408,4
        81 Operadores de instalaciones y maquinaria fijas;301,3;306;298,3;309,1;321,2;327;337,3;364,8;370,7;352,9;341,8;319,5;328,2;321;300,8;299,9;311,2;316,2;314,1;325,8;334,1;348,2;323,8;304,8;318,6;313,3;319,9;322,1;327,7;322,6;322,5;322,6;306,3;294,2;290,8;287,7;276,4;295,3;299,2;277,5;275,1;272,9;257,8;251,7;255,9;260,8;266,1;267,3;277,8;302,8;308,9;315,3;314,8;333,9;327,4;312,7
        82 Montadores y ensambladores en fábricas;98;102,1;115,1;113,5;117,4;120,3;118;115,3;106,1;112,5;107,7;117,3;113,1;121,9;126,3;128,8;112,6;99,7;100;107,7;98,8;101,3;104;106,5;99,6;101,6;101,5;105;102,6;101,3;99;97,2;90,3;97,3;84,4;88,6;92,7;94,5;93,9;95,4;90,2;92,7;92,3;83,1;78,8;81,8;92,4;96,7;92,8;93,3;90,8;98,1;99,8;94,9;100,9;95,7
        N Conductores y operadores de maquinaria móvil;1.048,10;1.067,60;1.031,20;1.050,20;1.041,30;1.068,40;1.074,40;1.055,40;1.058,00;1.054,40;1.029,80;1.032,20;1.006,00;987,4;962,5;963,8;967,9;956;951,4;981,4;993,8;989,6;981,2;970,4;958,9;922;918,7;920,5;911,9;919,9;913,4;925,7;932,8;913,4;904,7;894,9;881,8;871;869;867,4;867,7;867,3;881,2;871,5;882,5;893,5;904,9;921;917,6;913,6;929,9;951,5;967,2;954,4;992,4;1.002,20
        83 Maquinistas de locomotoras, operadores de maquinaria agrícola y de equipos pesados móviles, y marineros;240,8;229,9;222,2;222;230,8;235,5;229,1;237,4;221,3;229;221,5;221;218,9;229,8;223,8;212,5;219,7;222,3;222;227,9;224,7;218,9;230,5;217,5;216,9;200,8;202,3;207,9;203;206,6;205,1;208,9;211,6;207,2;200,2;196,3;196,1;199,8;201,8;200;198,3;203,4;197,4;185,8;190,8;188,4;191,2;192,2;203,7;194;200,5;220;212;213,3;235,2;241
        84 Conductores de vehículos para el transporte urbano o por carretera;807,3;837,7;809,1;828,1;810,5;833;845,3;817,9;836,7;825,4;808,3;811,2;787,1;757,6;738,8;751,3;748,2;733,7;729,4;753,5;769,1;770,6;750,7;752,9;742;721,1;716,4;712,6;708,9;713,3;708,3;716,8;721,2;706,2;704,4;698,6;685,7;671,1;667,1;667,4;669,4;663,9;683,8;685,7;691,7;705,1;713,7;728,9;713,8;719,6;729,4;731,5;755,2;741,1;757,2;761,2
        9 Ocupaciones elementales;1.314,60;1.310,60;1.329,80;1.305,40;1.294,10;1.302,00;1.318,80;1.278,50;1.316,60;1.297,50;1.347,30;1.358,80;1.342,60;1.323,60;1.302,30;1.287,70;1.264,10;1.285,70;1.196,80;1.294,10;1.332,30;1.291,20;1.315,00;1.314,60;1.349,00;1.305,10;1.304,80;1.316,70;1.314,90;1.273,70;1.270,00;1.296,40;1.316,00;1.314,60;1.328,50;1.309,40;1.308,90;1.250,70;1.257,60;1.218,30;1.225,80;1.196,00;1.198,80;1.213,30;1.231,40;1.208,60;1.220,50;1.216,60;1.246,30;1.231,90;1.258,40;1.283,20;1.299,20;1.320,90;1.323,40;1.314,90
        O Trabajadores no cualificados en servicios (excepto transportes);359,4;377,7;374,6;378;357,9;384,9;368,9;349,7;352,1;357,8;360,3;353,9;346,6;370,9;352;321,8;328,5;341,1;318,6;341,3;346,5;348,9;331,8;325,3;343;344,4;335,9;341,4;350,4;360;331,6;343,1;335,2;347,1;338,8;334,1;355,8;347,2;336,2;324,7;345,9;340;330,6;329,3;334;337,3;330,2;326,9;329,4;342,5;318,7;320,9;325,4;342,8;333,6;306,5
        91 Empleados domésticos;7,7;9,2;15;12,9;10,3;6,5;8,2;11,2;10,2;6,7;6,5;7,3;5,6;9,7;9,6;7,4;10;6,6;5,1;9,7;9,5;9,1;10,9;10,3;8,4;13,7;8,6;9,5;12,2;11,2;12;12,1;12,1;8,9;8,8;11;8;6,2;10,8;12;16,6;12,1;10,4;11,6;17;10,4;11,7;11,2;11,5;12,4;10,9;14,9;11,2;12,3;13,9;13,2
        92 Otro personal de limpieza;131,9;137,8;130,9;138,3;123,9;148;143;140,3;132,6;136,8;144,3;135;130,4;139,1;132,7;115,2;126,6;129;109,8;123,7;120,2;123,5;120,8;117,4;130,8;114,9;109,8;111,7;119,8;128,8;114,7;122,9;118,5;121,8;119,8;110,2;120,1;116;109,1;113,8;115,8;106,3;110,1;114,3;111,6;112,3;107,7;107,9;107,4;125,9;118,5;118,3;121,7;131,8;126,9;115,7
        93 Ayudantes de preparación de alimentos;76,6;78,5;86;84,2;79,3;79,9;75,1;64,7;74,4;75,9;69,2;67,1;67,9;76,8;63,1;55,9;49,6;65,7;65,8;71,9;72,4;71,6;62,8;67,5;70,2;72,4;70,6;70,2;69,8;69,8;61,2;60,3;65,9;68,8;69,4;54,3;61,4;59,1;54,5;46,1;53,7;65,3;57,1;53,5;57,7;49,6;44,5;47,5;51,6;51,9;42,1;40,4;37,7;35;30,1;25,5
        94 Recogedores de residuos urbanos, vendedores callejeros y otras ocupaciones elementales en servicios;143,2;152,2;142,7;142,6;144,4;150,5;142,6;133,5;134,9;138,4;140,3;144,5;142,7;145,3;146,6;143,3;142,3;139,8;138;136;144,3;144,6;137,5;130;133,6;143,5;146,9;150;148,5;150,1;143,6;147,8;138,6;147,6;140,8;158,6;166,4;165,9;161,9;152,9;159,8;156,2;152,9;149,9;147,7;165;166,2;160,4;158,9;152,2;147,2;147,3;154,8;163,7;162,6;152,1
        P Peones de la agricultura, pesca, construcción, industrias manufactureras y transportes;955,2;932,8;955,2;927,4;936,2;917;949,9;928,8;964,4;939,7;987;1.004,80;996;952,7;950,3;965,9;935,6;944,7;878,2;952,8;985,8;942,3;983,1;989,3;1.006,00;960,7;968,9;975,3;964,6;913,8;938,4;953,3;980,8;967,5;989,7;975,3;953,2;903,5;921,4;893,5;879,9;856;868,3;884;897,4;871,3;890,3;889,7;916,9;889,4;939,7;962,3;973,9;978,2;989,8;1.008,40
        95 Peones agrarios, forestales y de la pesca;311,8;296,2;321,8;325;326,4;314;357,1;335,3;369,2;345,3;383;398,1;402,1;383,9;384,6;411,9;396,2;388,8;376,3;376,9;401,9;356,1;382,4;404,9;405,4;384,3;415,5;449,7;432,6;409,8;428,9;461,9;459,3;440,3;457,9;478;449,8;410,9;420,9;417;403,8;378,1;395,3;435,1;418,9;406,1;420,3;428,7;457,7;403,8;415;422,4;389,1;346,3;355,6;377,6
        96 Peones de la construcción y de la minería;183,6;188,9;192,8;190,4;184;186,7;195,5;178,9;174,8;185,5;197,6;185;168,3;179;169,3;166,8;173,4;176,6;146,6;168,1;178,4;187,7;202,5;196,3;195,7;187,2;168,6;157,1;172,1;151,2;154,2;140,7;145,1;168,4;161,2;156,8;164,6;167,6;168,7;148,6;147,9;147,9;148,3;145;160,5;162,1;161,6;144,1;150,8;178,1;201,5;218,5;252,8;273,9;293,6;288,6
        97 Peones de las industrias manufactureras;119,5;109,1;111,6;118,8;113,4;110,7;100,8;102,9;109,5;96,3;112,3;116,9;119,2;106,1;105,6;104;100,3;107,5;100,6;111,6;125,4;111,3;125,4;113,6;120,4;119,7;116,9;108,9;110,3;102,1;106,7;98,2;107,8;105,4;115,4;98,5;107;106,3;97,9;99,1;98;97,1;90,8;86,8;91,1;84,7;84,3;94,9;94,1;80,6;85,7;85;81,9;83;87,6;96,1
        98 Peones del transporte, descargadores y reponedores;340,3;338,6;329,1;293,3;312,5;305,6;296,4;311,7;311;312,6;294,1;304,8;306,4;283,7;290,9;283,3;265,7;271,7;254,7;296,2;280,1;287,2;272,9;274,5;284,6;269,4;268;259,7;249,6;250,6;248,6;252,5;268,6;253,3;255,2;242;231,8;218,6;233,8;228,8;230,1;233;233,9;217,1;226,8;218,4;224;222;214,3;226,9;237,6;236,3;250,1;274,9;253;246,1
        0 Ocupaciones militares;86;82,7;90,3;86,5;83,6;92;89,2;89,7;89,6;97,3;103;94,2;99,4;95,4;95,5;93,8;108,1;108,4;97,7;101,7;98,2;97,8;102,2;102,3;102,3;102,3;96,6;93;85,2;79,5;74,7;80,2;83,7;81,1;76,2;80,8;83,2;77,6;79,3;81,6;82,7;86,4;81;82,7;80,8;79,7;81;84;84,8;83,1;89,5;96,5;86,5;86,1;91,9;97
        Q Ocupaciones militares;86;82,7;90,3;86,5;83,6;92;89,2;89,7;89,6;97,3;103;94,2;99,4;95,4;95,5;93,8;108,1;108,4;97,7;101,7;98,2;97,8;102,2;102,3;102,3;102,3;96,6;93;85,2;79,5;74,7;80,2;83,7;81,1;76,2;80,8;83,2;77,6;79,3;81,6;82,7;86,4;81;82,7;80,8;79,7;81;84;84,8;83,1;89,5;96,5;86,5;86,1;91,9;97
        00 Ocupaciones militares;86;82,7;90,3;86,5;83,6;92;89,2;89,7;89,6;97,3;103;94,2;99,4;95,4;95,5;93,8;108,1;108,4;97,7;101,7;98,2;97,8;102,2;102,3;102,3;102,3;96,6;93;85,2;79,5;74,7;80,2;83,7;81,1;76,2;80,8;83,2;77,6;79,3;81,6;82,7;86,4;81;82,7;80,8;79,7;81;84;84,8;83,1;89,5;96,5;86,5;86,1;91,9;97
        Han dejado su último empleo hace más de 1 año;402,9;438,8;442,7;441,6;467,3;440,4;441,6;474,3;506,9;492,4;514,4;565,6;570,9;661,8;711,4;594,2;574,8;515,1;449,5;491,1;503,6;498,8;527,9;562,7;572,5;621,8;678,6;696,5;713,6;718,9;773;847,7;914,4;953,3;994,4;1.047,90;1.113,50;1.154,30;1.250,70;1.347,00;1.388,80;1.400,80;1.466,90;1.507,90;1.523,40;1.536,10;1.516,40;1.518,70;1.462,10;1.355,80;1.314,50;1.234,10;1.217,90;1.096,20;1.072,00;1.088,60
        Parados que buscan primer empleo;116,7;153;126,7;140,4;142,3;168,3;146;148,7;151,3;160,3;152,1;152,7;144,3;169,4;188,6;156,9;143,8;162,2;117,4;135,2;147,4;168,6;156,2;146,5;154,7;178,9;166,3;160,8;185,6;210,4;197,7;190,9;189,5;204,9;198,8;186,5;206,7;265,8;259,2;263,7;251;261,6;244,9;246;253,5;263,5;226,7;220,3;212,7;243,3;214,8;195,6;195,4;217,4;181,8;156,5
